email,label
upgrad prem plan exclud access prem cont feat,ham
happy holiday team wish joy prosp season,ham
hir check car opportun join dynam team,ham
amazon account lock click ver account inform,spam
opin mat tak survey help us enh expery,ham
pay receiv thank prompt transact,ham
email account stor ful click upgrad account,spam
dear nam thank subscrib newslet welcom gift,ham
account credit loyal point redeem excit reward,ham
chos fre iphon click claim priz,spam
miss spec off sign get discount first purchas,ham
hir intern sum apply gain valu expery,ham
loan click apply,spam
thrilled introduc new collect shop enjoy exclud discount,ham
excit annount upcom webin sery reg reserv spot,ham
ad new feat ap bas feedback upd,ham
win click claim exclud priz,spam
facebook account hack click sec account,spam
congrat reach new mileston many achiev,ham
congrat select job interview click schedule interview,spam
account suspend due suspicy act click unlock account,spam
get ready flash sal off favorit produc,ham
thank feedback alway striving improv serv,ham
payp account suspend click rest account access,spam
luxury car click claim priz,spam
extend sal on day miss chant sav big,ham
account flag suspicy act click ver id,spam
sorry inconveny websit back onlin short,ham
thank rec purchas spec off,ham
get inst cash click access quick loan serv,spam
help quest concern may,ham
account ban click ap ban,spam
congrat fre vac trop parad claim,spam
account credit card click apply,spam
sorry see go let us know anyth improv,ham
select fre tri prem memb click sign,spam
select fre tri prem serv click act,spam
commit sustain learn in,ham
hir check car pag cur job op,ham
sorry inconveny websit undergo maint tonight,ham
account credit bon point us unlock exclud reward,ham
apprecy busy tok apprecy,ham
valu feedback shar thought us,ham
thank loyal spec discount cod tok apprecy,ham
thank purchas ord del within next day,ham
account hack click reset password,spam
get ready an sal big sav await,ham
select fre iphon click claim priz,spam
congrat fre trip europ click claim priz,spam
inform schedule chang tomorrow meet pleas tak not,ham
select spec priz click claim reward,spam
select fre tri prem serv click act,spam
select fre tri prem serv click act,spam
upgrad prem memb exclud benefit person recommend,ham
luxury car click claim priz,spam
upd ap new feat upd enh us expery,ham
opin mat tak survey get chant win excit priz,ham
get inst cash click access quick loan serv,spam
excit annount latest produc releas check,ham
comput infect vir click download antivir softw,spam
account credit card click apply,spam
subscrib renew due forget upd pay inform,ham
get rich quick click join exclud invest program,spam
miss off shop sav,ham
valu priv review upd priv policy inform,ham
select fre iphon click claim priz,spam
account comprom click sec account,spam
congrat lucky win day click claim priz,spam
host webin next week reg sec spot,ham
ord success process ship today,ham
expery high cal volum reach us fast us onlin chat,ham
netflix subscrib expir click renew,spam
good morn attach report request gre day,ham
thank attend workshop pres slid ref,ham
excit shar latest produc upd check,ham
act fast off design handb click shop,spam
claim priz click confirm win,spam
friend remind renew subscrib expir,ham
act off luxury watch click buy,spam
congrat lucky win holiday giveaway click claim priz,spam
thank inquiry apprecy interest produc,ham
get rich overnight click learn secret method,spam
satisfact pri let us know serv bet,ham
thank paty techn team resolv issu happy brows,ham
dear nam account subscrib expir renew continu enjoy serv,ham
urg account comprom click reset password immedy,spam
an memb renew enjoy anoth year exclud benefit,ham
excit shar latest blog post check valu insight,ham
account ban click ap ban,spam
luxury cru click claim ticket,spam
detect unus act account sec chang password,ham
pack delivery track ship us link provid,ham
shop spree click claim vouch,spam
account upgrad vip stat enjoy enh benefit privileg,ham
thank subscrib newslet spec off,ham
team help contact us anytim assist,ham
stay connect us follow soc med channel latest upd,ham
account hack click reset password,spam
stay inform latest blog post subscrib newslet today,ham
account credit bon point click redeem reward,spam
congrat win dai giveaway click claim reward,spam
payp account lock click rest account access,spam
tri period end upgrad prem plan unlimit access,ham
stay connect latest upd follow us soc med,ham
congrat select fre tri prem softw click download,spam
congrat select fre tri prem softw click download,spam
ord confirm receiv confirm email short detail,ham
commit provid excel serv feedback help us improv,ham
dear nam account upgrad prem stat enjoy perk,ham
feedback mat us tak survey help us serv bet,ham
congrat win dai giveaway click claim reward,spam
claim priz click confirm win,spam
stay loop newslet subscrib latest new upd,ham
select fre tri prem serv click act,spam
get exclud access vip club click join,spam
lucky win click claim jackpot priz,spam
bank account suspend click ver account detail,spam
help contact custom support team assist,ham
excit annount new produc launch check websit,ham
unlock exclud discount click join loyal program,spam
dear valu custom spec discount cod next purchas xyz123,ham
get rich overnight click learn secret method,spam
excit annount partn company stay tun excit collab,ham
reach mileston thank part journey,ham
pleas annount partn company togeth achiev gre thing,ham
host giveaway soc med channel follow us chant win,ham
launch new feat bas us feedback try let us know think,ham
upgrad serv fast perform enjoy smooth brows,ham
congrat rec achiev keep gre work,ham
claim inherit click access fund,spam
commit satisfact let us know improv,ham
excit shar latest upd stay tun new,ham
congrat lucky win holiday giveaway click claim priz,spam
invit spec ev click rsvp,spam
thank loyal spec discount valu custom,ham
hop enjoy subscrib let us know quest,ham
dear nam account bal upd pleas review detail,ham
celebr annivers join us spec off giveaway week long,ham
email account stor ful click upgrad account,spam
invit spec ev click rsvp,spam
assist contact support team nee help,ham
miss sal grab favorit item discount pric,ham
account credit bon point click redeem reward,spam
facebook account hack click sec account,spam
account flag suspicy act click ver id,spam
shop spree click claim vouch,spam
extend sal on day due popul demand miss,ham
host liv q sess tomorrow submit quest adv,ham
lottery click claim priz,spam
congrat rec purchas vouch next ord,ham
get rich quick click join exclud invest program,spam
account credit bon point rec purchas enjoy,ham
get ready an sal hug discount wid rang produc,ham
sorry inconveny techn team work resolv issu,ham
account login success pleas contact us immedy,ham
thrilled annount partn org togeth mak diff,ham
account suspend due suspicy act click unlock account,spam
netflix subscrib expir click renew,spam
expery techn difficul team work resolv issu asap,ham
act fast off design handb click shop,spam
luxury cru click claim ticket,spam
hello want remind upcom ev miss,ham
account password reset success pleas login new password,ham
shop spree click claim vouch,spam
unlock exclud discount click join loyal program,spam
act fast off luxury watch click buy,spam
mak money fast join affy program start earn cash today,spam
congrat select spec off enjoy,ham
credit card charg unauth purchas click disput charg,spam
congrat rec purchas spec off next ord,ham
account credit bon point continu support thank,ham
chos fre iphon click claim priz,spam
congrat fre trip europ click claim priz,spam
introduc loyal program earn point every purchas redeem reward,ham
pleas inform refund process success,ham
get rich quick invest revolv new scheme retir ear,spam
fre tri period end soon upgrad continu enjoy serv,ham
ord way track ship upd,ham
off get 50 purchas today miss,spam
